sample,group,short_reads_1,short_reads_2,longs_reads
SRR8731956,SRS4491530,SRR8731956.fastq.gz,,
SRR8731959,SRS4491527,SRR8731959.fastq.gz,,
ERR4903906,ERS5428032,ERR4903906.fastq.gz,,
ERR4903907,ERS5428033,ERR4903907.fastq.gz,,
ERR4903908,ERS5428034,ERR4903908.fastq.gz,,
ERR4903909,ERS5428035,ERR4903909.fastq.gz,,
ERR4903910,ERS5428036,ERR4903910.fastq.gz,,
ERR4903911,ERS5428037,ERR4903911.fastq.gz,,
ERR4903912,ERS5428038,ERR4903912.fastq.gz,,
ERR4903913,ERS5428039,ERR4903913.fastq.gz,,
ERR4903914,ERS5428040,ERR4903914.fastq.gz,,
ERR4903915,ERS5428041,ERR4903915.fastq.gz,,
ERR4903916,ERS5428042,ERR4903916.fastq.gz,,
ERR4903917,ERS5428043,ERR4903917.fastq.gz,,
ERR4903918,ERS5428044,ERR4903918.fastq.gz,,
ERR4903919,ERS5428045,ERR4903919.fastq.gz,,
ERR4426516,ERS4921365,ERR4426516.fastq.gz,,
ERR4426517,ERS4921366,ERR4426517.fastq.gz,,
ERR4426518,ERS4921367,ERR4426518.fastq.gz,,
ERR4426519,ERS4921368,ERR4426519.fastq.gz,,
ERR4426520,ERS4921369,ERR4426520.fastq.gz,,
ERR4426521,ERS4921370,ERR4426521.fastq.gz,,
ERR4426522,ERS4921371,ERR4426522.fastq.gz,,
ERR4426523,ERS4921372,ERR4426523.fastq.gz,,
ERR4426524,ERS4921373,ERR4426524.fastq.gz,,
ERR4426525,ERS4921374,ERR4426525.fastq.gz,,
ERR4426526,ERS4921375,ERR4426526.fastq.gz,,
ERR4426527,ERS4921376,ERR4426527.fastq.gz,,
ERR4426529,ERS4921378,ERR4426529.fastq.gz,,
ERR4426530,ERS4921379,ERR4426530.fastq.gz,,
ERR4426531,ERS4921380,ERR4426531.fastq.gz,,
ERR4426532,ERS4921381,ERR4426532.fastq.gz,,
ERR4426533,ERS4921382,ERR4426533.fastq.gz,,
ERR4426534,ERS4921383,ERR4426534.fastq.gz,,
ERR4426535,ERS4921384,ERR4426535.fastq.gz,,
ERR4426536,ERS4921385,ERR4426536.fastq.gz,,
ERR4426537,ERS4921386,ERR4426537.fastq.gz,,
ERR4426538,ERS4921387,ERR4426538.fastq.gz,,
ERR4426539,ERS4921388,ERR4426539.fastq.gz,,
ERR4426540,ERS4921389,ERR4426540.fastq.gz,,
ERR4426541,ERS4921390,ERR4426541.fastq.gz,,
ERR4426542,ERS4921391,ERR4426542.fastq.gz,,
ERR4426543,ERS4921392,ERR4426543.fastq.gz,,
ERR4426545,ERS4921394,ERR4426545.fastq.gz,,
ERR4426546,ERS4921395,ERR4426546.fastq.gz,,
ERR4426547,ERS4921396,ERR4426547.fastq.gz,,
ERR4426548,ERS4921397,ERR4426548.fastq.gz,,
ERR4426549,ERS4921398,ERR4426549.fastq.gz,,
ERR4426550,ERS4921399,ERR4426550.fastq.gz,,
ERR4426551,ERS4921400,ERR4426551.fastq.gz,,
ERR4426552,ERS4921401,ERR4426552.fastq.gz,,
SRR5332466,SRS2040659,SRR5332466.fastq.gz,,
SRR5332465,SRS2040658,SRR5332465.fastq.gz,,
SRR5332464,SRS2040657,SRR5332464.fastq.gz,,
SRR5332463,SRS2040656,SRR5332463.fastq.gz,,
SRR5332462,SRS2040655,SRR5332462.fastq.gz,,
SRR5332461,SRS2040654,SRR5332461.fastq.gz,,
SRR5332460,SRS2040653,SRR5332460.fastq.gz,,
SRR5332459,SRS2040652,SRR5332459.fastq.gz,,
SRR5332458,SRS2040651,SRR5332458.fastq.gz,,
SRR5332457,SRS2040650,SRR5332457.fastq.gz,,
SRR5332456,SRS2040649,SRR5332456.fastq.gz,,
SRR5332455,SRS2040648,SRR5332455.fastq.gz,,
ERR3458787,ERS3605432,ERR3458787.fastq.gz,,
ERR3458788,ERS3605433,ERR3458788.fastq.gz,,
ERR3458789,ERS3605434,ERR3458789.fastq.gz,,
ERR3458790,ERS3605435,ERR3458790.fastq.gz,,
ERR3458791,ERS3605436,ERR3458791.fastq.gz,,
ERR3458792,ERS3605437,ERR3458792.fastq.gz,,
ERR3458793,ERS3605442,ERR3458793.fastq.gz,,
ERR3458794,ERS3605443,ERR3458794.fastq.gz,,
ERR1894879,ERS1624435,ERR1894879.fastq.gz,,
ERR1894880,ERS1624435,ERR1894880.fastq.gz,,
ERR1894881,ERS1624436,ERR1894881.fastq.gz,,
ERR1894882,ERS1624436,ERR1894882.fastq.gz,,
ERR1894900,ERS1624447,ERR1894900.fastq.gz,,
ERR1894901,ERS1624448,ERR1894901.fastq.gz,,
ERR1894902,ERS1624449,ERR1894902.fastq.gz,,
ERR1894903,ERS1624450,ERR1894903.fastq.gz,,
ERR1894904,ERS1624451,ERR1894904.fastq.gz,,
ERR1894905,ERS1624452,ERR1894905.fastq.gz,,
ERR1894906,ERS1624453,ERR1894906.fastq.gz,,
ERR1894907,ERS1624454,ERR1894907.fastq.gz,,
ERR1894908,ERS1624455,ERR1894908.fastq.gz,,
ERR1894909,ERS1624455,ERR1894909.fastq.gz,,
ERR1894910,ERS1624456,ERR1894910.fastq.gz,,
ERR1894911,ERS1624456,ERR1894911.fastq.gz,,
ERR1894912,ERS1624457,ERR1894912.fastq.gz,,
ERR1894913,ERS1624457,ERR1894913.fastq.gz,,
ERR1894914,ERS1624458,ERR1894914.fastq.gz,,
ERR1894915,ERS1624458,ERR1894915.fastq.gz,,
ERR1894916,ERS1624459,ERR1894916.fastq.gz,,
ERR1894917,ERS1624459,ERR1894917.fastq.gz,,
ERR1894918,ERS1624460,ERR1894918.fastq.gz,,
ERR1894919,ERS1624460,ERR1894919.fastq.gz,,
ERR1560012,ERS1286097,ERR1560012.fastq.gz,,
ERR1560013,ERS1286098,ERR1560013.fastq.gz,,
ERR1560014,ERS1286099,ERR1560014.fastq.gz,,
ERR1560015,ERS1286100,ERR1560015.fastq.gz,,
ERR1560016,ERS1286101,ERR1560016.fastq.gz,,
ERR1560017,ERS1286102,ERR1560017.fastq.gz,,
ERR1560018,ERS1286103,ERR1560018.fastq.gz,,
ERR1560019,ERS1286104,ERR1560019.fastq.gz,,
ERR1560020,ERS1286105,ERR1560020.fastq.gz,,
ERR1560021,ERS1286106,ERR1560021.fastq.gz,,
ERR1560022,ERS1286107,ERR1560022.fastq.gz,,
ERR1560023,ERS1286108,ERR1560023.fastq.gz,,
ERR1560024,ERS1286109,ERR1560024.fastq.gz,,
ERR1560025,ERS1286110,ERR1560025.fastq.gz,,
ERR1560093,ERS1286194,ERR1560093.fastq.gz,,
ERR1560094,ERS1286195,ERR1560094.fastq.gz,,
ERR1560095,ERS1286196,ERR1560095.fastq.gz,,
ERR1560096,ERS1286197,ERR1560096.fastq.gz,,
ERR1560097,ERS1286198,ERR1560097.fastq.gz,,
ERR1560098,ERS1286199,ERR1560098.fastq.gz,,
ERR1560099,ERS1286200,ERR1560099.fastq.gz,,
ERR1560100,ERS1286201,ERR1560100.fastq.gz,,
ERR1560101,ERS1286202,ERR1560101.fastq.gz,,
ERR1560102,ERS1286203,ERR1560102.fastq.gz,,
ERR1560103,ERS1286204,ERR1560103.fastq.gz,,
ERR1560104,ERS1286205,ERR1560104.fastq.gz,,
ERR1560105,ERS1286206,ERR1560105.fastq.gz,,
ERR1560106,ERS1286207,ERR1560106.fastq.gz,,
ERR1560107,ERS1286208,ERR1560107.fastq.gz,,
ERR1560108,ERS1286209,ERR1560108.fastq.gz,,
ERR1560109,ERS1286210,ERR1560109.fastq.gz,,
ERR1560110,ERS1286211,ERR1560110.fastq.gz,,
ERR567364,ERS510180,ERR567364.fastq.gz,,
ERR567365,ERS510181,ERR567365.fastq.gz,,
ERR567366,ERS510182,ERR567366.fastq.gz,,
ERR567367,ERS510183,ERR567367.fastq.gz,,
ERR1688760,ERS1280178,ERR1688760.fastq.gz,,
ERR1688761,ERS1280179,ERR1688761.fastq.gz,,
ERR1688762,ERS1280180,ERR1688762.fastq.gz,,
ERR1688764,ERS1280182,ERR1688764.fastq.gz,,
ERR1688765,ERS1280183,ERR1688765.fastq.gz,,
ERR1688768,ERS1280186,ERR1688768.fastq.gz,,
ERR1688769,ERS1280187,ERR1688769.fastq.gz,,
ERR1688771,ERS1280189,ERR1688771.fastq.gz,,
ERR1688772,ERS1280190,ERR1688772.fastq.gz,,
ERR1688775,ERS1280193,ERR1688775.fastq.gz,,
ERR1688747,ERS1280165,ERR1688747.fastq.gz,,
ERR1688749,ERS1280167,ERR1688749.fastq.gz,,
ERR1688750,ERS1280168,ERR1688750.fastq.gz,,
ERR1688752,ERS1280170,ERR1688752.fastq.gz,,
ERR1688754,ERS1280172,ERR1688754.fastq.gz,,
ERR1688756,ERS1280174,ERR1688756.fastq.gz,,
ERR1688758,ERS1280176,ERR1688758.fastq.gz,,
ERR1688788,ERS1280206,ERR1688788.fastq.gz,,
ERR1688789,ERS1280207,ERR1688789.fastq.gz,,
ERR1688791,ERS1280209,ERR1688791.fastq.gz,,
ERR1688793,ERS1280211,ERR1688793.fastq.gz,,
ERR1688797,ERS1280215,ERR1688797.fastq.gz,,
ERR1688796,ERS1280214,ERR1688796.fastq.gz,,
ERR1688799,ERS1280217,ERR1688799.fastq.gz,,
ERR1688802,ERS1280220,ERR1688802.fastq.gz,,
ERR1688803,ERS1280221,ERR1688803.fastq.gz,,
ERR1688804,ERS1280222,ERR1688804.fastq.gz,,
ERR1688778,ERS1280196,ERR1688778.fastq.gz,,
ERR1688780,ERS1280198,ERR1688780.fastq.gz,,
ERR1688782,ERS1280200,ERR1688782.fastq.gz,,
ERR1688784,ERS1280202,ERR1688784.fastq.gz,,
ERR1688785,ERS1280203,ERR1688785.fastq.gz,,
ERR1688809,ERS1280227,ERR1688809.fastq.gz,,
ERR1688808,ERS1280226,ERR1688808.fastq.gz,,
ERR1688810,ERS1280228,ERR1688810.fastq.gz,,
ERR6024164,ERS6590040,ERR6024164.fastq.gz,,
